{
    "total_runtime": 0.9869670867919922,
    "num_documents": 1,
    "input_load_time": 0,
    "workflows": {
        "create_base_text_units": {
            "overall": 0.9121809005737305,
            "0_orderby": 0.0034618377685546875,
            "1_zip": 0.0013823509216308594,
            "2_aggregate_override": 0.002746105194091797,
            "3_chunk": 0.8188648223876953,
            "4_select": 0.0040569305419921875,
            "5_unroll": 0.00480198860168457,
            "6_rename": 0.0015099048614501953,
            "7_genid": 0.05005693435668945,
            "8_unzip": 0.0027849674224853516,
            "9_copy": 0.0016400814056396484,
            "10_filter": 0.01973414421081543
        }
    }
}