{
    "total_runtime": 11823.98812699318,
    "num_documents": 1,
    "input_load_time": 0,
    "workflows": {
        "create_base_text_units": {
            "overall": 0.14179491996765137,
            "0_orderby": 0.0012640953063964844,
            "1_zip": 0.0015397071838378906,
            "2_aggregate_override": 0.002209901809692383,
            "3_chunk": 0.11663675308227539,
            "4_select": 0.0016319751739501953,
            "5_unroll": 0.0024068355560302734,
            "6_rename": 0.0016100406646728516,
            "7_genid": 0.002813100814819336,
            "8_unzip": 0.00214385986328125,
            "9_copy": 0.0017948150634765625,
            "10_filter": 0.006026029586791992
        },
        "create_base_extracted_entities": {
            "overall": 4099.194116830826,
            "0_entity_extract": 4099.179719924927,
            "1_merge_graphs": 0.012217283248901367
        },
        "create_summarized_entities": {
            "overall": 2166.8484210968018,
            "0_summarize_descriptions": 2166.846011161804
        },
        "create_base_entity_graph": {
            "overall": 0.01969599723815918,
            "0_cluster_graph": 0.014098882675170898,
            "1_select": 0.0027289390563964844
        },
        "create_final_entities": {
            "overall": 2593.3390259742737,
            "0_unpack_graph": 0.005060911178588867,
            "1_rename": 0.0029408931732177734,
            "2_select": 0.00296783447265625,
            "3_dedupe": 0.003134012222290039,
            "4_rename": 0.0030698776245117188,
            "5_filter": 0.00768589973449707,
            "6_text_split": 0.007835865020751953,
            "7_drop": 0.003893136978149414,
            "8_merge": 0.0076830387115478516,
            "9_text_embed": 2593.2780900001526,
            "10_drop": 0.004122018814086914,
            "11_filter": 0.009651899337768555
        },
        "create_final_nodes": {
            "overall": 0.07920002937316895,
            "0_layout_graph": 0.012757062911987305,
            "1_unpack_graph": 0.006063938140869141,
            "2_unpack_graph": 0.0060880184173583984,
            "3_drop": 0.004041910171508789,
            "4_filter": 0.009267091751098633,
            "5_select": 0.0041790008544921875,
            "6_rename": 0.004308938980102539,
            "7_join": 0.008394956588745117,
            "8_convert": 0.015750885009765625,
            "9_rename": 0.0045740604400634766
        },
        "create_final_communities": {
            "overall": 0.10986709594726562,
            "0_unpack_graph": 0.007381916046142578,
            "1_unpack_graph": 0.006977081298828125,
            "2_aggregate_override": 0.008723020553588867,
            "3_join": 0.008207082748413086,
            "4_join": 0.0068089962005615234,
            "5_concat": 0.005285978317260742,
            "6_filter": 0.011993169784545898,
            "7_aggregate_override": 0.006348848342895508,
            "8_join": 0.006949186325073242,
            "9_filter": 0.012652873992919922,
            "10_fill": 0.005774974822998047,
            "11_merge": 0.006381034851074219,
            "12_copy": 0.005743265151977539,
            "13_select": 0.00580906867980957
        },
        "join_text_units_to_entity_ids": {
            "overall": 0.027129650115966797,
            "0_select": 0.006582021713256836,
            "1_unroll": 0.006664752960205078,
            "2_aggregate_override": 0.007483959197998047
        },
        "create_final_relationships": {
            "overall": 0.08567094802856445,
            "0_unpack_graph": 0.008419036865234375,
            "1_filter": 0.014011859893798828,
            "2_rename": 0.006636619567871094,
            "3_filter": 0.014340877532958984,
            "4_drop": 0.006876945495605469,
            "5_compute_edge_combined_degree": 0.00783085823059082,
            "6_convert": 0.013911962509155273,
            "7_convert": 0.0070819854736328125
        },
        "join_text_units_to_relationship_ids": {
            "overall": 0.03763413429260254,
            "0_select": 0.0072400569915771484,
            "1_unroll": 0.0076558589935302734,
            "2_aggregate_override": 0.008161783218383789,
            "3_select": 0.007447004318237305
        },
        "create_final_community_reports": {
            "overall": 2962.740672826767,
            "0_prepare_community_reports_nodes": 0.00824880599975586,
            "1_prepare_community_reports_edges": 0.008188247680664062,
            "2_restore_community_hierarchy": 0.009774923324584961,
            "3_prepare_community_reports": 0.024852275848388672,
            "4_create_community_reports": 2962.672345161438,
            "5_window": 0.009495019912719727
        },
        "create_final_text_units": {
            "overall": 0.07249307632446289,
            "0_select": 0.009168863296508789,
            "1_rename": 0.009060144424438477,
            "2_join": 0.012641191482543945,
            "3_join": 0.011945009231567383,
            "4_aggregate_override": 0.010963916778564453,
            "5_select": 0.009476184844970703
        },
        "create_base_documents": {
            "overall": 0.11556100845336914,
            "0_unroll": 0.010358095169067383,
            "1_select": 0.00977015495300293,
            "2_rename": 0.00985097885131836,
            "3_join": 0.01143789291381836,
            "4_aggregate_override": 0.01043081283569336,
            "5_join": 0.02063298225402832,
            "6_rename": 0.012618780136108398,
            "7_convert": 0.020763874053955078
        },
        "create_final_documents": {
            "overall": 0.020887136459350586,
            "0_rename": 0.010429859161376953
        }
    }
}